method, before_prune_train, before_prune_trest, after_prune_train, after_prune_test, after_converge_train, after_convert_test, test_diff
node_importance_by_real_activation_from_input_layer_variance,1.68061762154,1.74246636778,1.68325609267,1.74488800466,1.6793441847,1.74137648642,-0.00242163687944
node_importance_by_square_sum,1.68061754704,1.74246620685,1.68266825378,1.74436039925,1.67788778543,1.73990260661,-0.00189419239759
node_importance_by_dummy_activation_from_input_layer,1.6806166023,1.74246640801,1.70444810987,1.76312783659,1.67937604934,1.74081127942,-0.0206614285707
node_importance_by_real_activation_from_input_layer,1.6806174323,1.74246591628,1.68347062171,1.74518963844,1.67905698866,1.74121518284,-0.00272372215986
node_importance_optimal_brain_damage,1.68061659336,1.74246642292,1.70609301478,1.76398947835,1.68193924129,1.74346288145,-0.0215230554342
node_importance_random,1.68061676323,1.74246639907,1.70735450983,1.76458807141,1.67891037017,1.74087572247,-0.0221216723323
node_importance_full_taylour_series,1.68061734885,1.74246615171,1.79547799677,1.84657363445,1.69440210462,1.75380395651,-0.104107482731
